,model,file,randtoken,randtoken_count,gt,gt_portion,pred,answer,levenshtein_distance,full_pred,full_answer,optimal_cosine,optimal_index,cosine_scores,start_token,end_token
38,gpt-3.5-turbo,Slogans,0,4,It’s the Real Thing ,"['It', '’s']","['not', 'the', 'load']","['the', 'Real', 'Thing']",1.0,"['not', 'the', 'load', 'that', 'breaks', 'you', 'down,', 'it’s', 'the', 'way', 'you', 'carry', 'it.']",the Real Thing,tensor([[0.8053]]),3,"[tensor([[0.7816]]), tensor([[0.7234]]), tensor([[0.8053]]), tensor([[0.7844]]), tensor([[0.7670]]), tensor([[0.7784]]), tensor([[0.7835]]), tensor([[0.7707]]), tensor([[0.7876]]), tensor([[0.7942]]), tensor([[0.7941]]), tensor([[0.7851]]), tensor([[0.7760]]), tensor([[0.7850]])]",-1,3
93,gpt-3.5-turbo,Slogans,0,1,Run more than your mouth,"['Run', 'more']","['""', 'Believe', 'you']","['than', 'your', 'mouth']",1.0,"['""Believe', 'you', 'can', 'and', ""you're"", 'halfway', 'there.""', '-', 'Theodore', 'Roosevelt']",than your mouth,tensor([[0.8321]]),5,"[tensor([[0.7832]]), tensor([[0.8070]]), tensor([[0.8096]]), tensor([[0.8259]]), tensor([[0.8321]]), tensor([[0.8239]]), tensor([[0.8187]]), tensor([[0.8148]]), tensor([[0.8168]]), tensor([[0.8126]]), tensor([[0.8148]])]",-1,3
25,gpt-3.5-turbo,Slogans,0,0,You’ll wonder where the yellow went when you brush your teeth with Pepsodent. ,"['You', '’ll', 'wonder', 'where']","['the', 'yellow', 'went', 'when', 'you', 'brush', 'your', 'teeth', 'with', 'Pepsodent', '.']","['the', 'yellow', 'went', 'when', 'you', 'brush', 'your', 'teeth', 'with', 'Pepsodent', '.']",0.0,"['the', 'yellow', 'went', 'when', 'you', 'brush', 'your', 'teeth', 'with', 'Pepsodent.']",the yellow went when you brush your teeth with Pepsodent.,tensor([[1.0000]]),11,"[tensor([[0.7841]]), tensor([[0.8063]]), tensor([[0.8524]]), tensor([[0.8749]]), tensor([[0.8847]]), tensor([[0.9108]]), tensor([[0.9317]]), tensor([[0.9256]]), tensor([[0.9479]]), tensor([[0.9485]]), tensor([[1.0000]])]",-1,13
79,gpt-3.5-turbo,Slogans,0,1,It’s Good Mood Food,['It'],"['is', 'not', 'the', 'strongest']","['’s', 'Good', 'Mood', 'Food']",1.0,"['is', 'not', 'the', 'strongest', 'of', 'the', 'species', 'that', 'survives,', 'nor', 'the', 'most', 'intelligent,', 'but', 'the', 'one', 'most', 'responsive', 'to', 'change.']",’s Good Mood Food,tensor([[0.7810]]),2,"[tensor([[0.7631]]), tensor([[0.7810]]), tensor([[0.7552]]), tensor([[0.7583]]), tensor([[0.7240]]), tensor([[0.7323]]), tensor([[0.7348]]), tensor([[0.7219]]), tensor([[0.7228]]), tensor([[0.7141]]), tensor([[0.7124]]), tensor([[0.7133]]), tensor([[0.7118]]), tensor([[0.7042]]), tensor([[0.7106]]), tensor([[0.7140]]), tensor([[0.7188]]), tensor([[0.7193]]), tensor([[0.7438]]), tensor([[0.7391]]), tensor([[0.7305]])]",-1,3
60,gpt-3.5-turbo,Slogans,0,5,Reach out and touch someone ,"['Reach', 'out']","['to', 'others', 'and']","['and', 'touch', 'someone']",1.0,"['to', 'others', 'and', 'lift', 'them', 'up,', 'for', 'in', 'doing', 'so,', 'you', 'also', 'elevate', 'yourself.']",and touch someone,tensor([[0.8719]]),3,"[tensor([[0.7807]]), tensor([[0.8112]]), tensor([[0.8719]]), tensor([[0.8665]]), tensor([[0.8591]]), tensor([[0.8605]]), tensor([[0.8502]]), tensor([[0.8535]]), tensor([[0.8489]]), tensor([[0.8483]]), tensor([[0.8432]]), tensor([[0.8476]]), tensor([[0.8503]]), tensor([[0.8249]]), tensor([[0.8168]])]",-1,3
29,gpt-3.5-turbo,Slogans,0,4,Maxwell House coffee pot percolator theme ,"['Maxwell', 'House']","['is', 'good', 'to', 'the']","['coffee', 'pot', 'percolator', 'theme']",1.0,"['is', 'good', 'to', 'the', 'last', 'drop.']",coffee pot percolator theme,tensor([[0.7819]]),1,"[tensor([[0.7819]]), tensor([[0.7783]]), tensor([[0.7621]]), tensor([[0.7660]]), tensor([[0.7784]]), tensor([[0.7701]]), tensor([[0.7581]])]",-1,4
30,gpt-3.5-turbo,Slogans,0,2,Where’s the Beef?,['Where'],"['there', 'is', 'love', ',']","['’s', 'the', 'Beef', '?']",1.0,"['there', 'is', 'love,', 'there', 'is', 'life.']",’s the Beef?,tensor([[0.8429]]),2,"[tensor([[0.7696]]), tensor([[0.8429]]), tensor([[0.8392]]), tensor([[0.7983]]), tensor([[0.8016]]), tensor([[0.7924]]), tensor([[0.7689]])]",-1,3
31,gpt-3.5-turbo,Slogans,0,5,Melts in your mouth not in your hands ,['Melts'],"['in', 'the', 'mouth', ',', 'not', 'in', 'the']","['in', 'your', 'mouth', 'not', 'in', 'your', 'hands']",0.5714285714285714,"['in', 'the', 'mouth,', 'not', 'in', 'the', 'hand.']",in your mouth not in your hands,tensor([[0.9502]]),8,"[tensor([[0.8013]]), tensor([[0.8320]]), tensor([[0.8382]]), tensor([[0.8913]]), tensor([[0.9397]]), tensor([[0.9409]]), tensor([[0.9449]]), tensor([[0.9502]])]",-1,6
57,gpt-3.5-turbo,Slogans,0,4,"Oh, what a feeling! ","['Oh', ',', 'what']","['a', 'tangled', 'web']","['a', 'feeling', '!']",0.6666666666666666,"['a', 'tangled', 'web', 'we', 'weave,', 'when', 'first', 'we', 'practice', 'to', 'deceive.']",a feeling!,tensor([[0.8192]]),2,"[tensor([[0.7868]]), tensor([[0.8192]]), tensor([[0.8159]]), tensor([[0.7996]]), tensor([[0.7936]]), tensor([[0.7964]]), tensor([[0.8025]]), tensor([[0.7884]]), tensor([[0.7891]]), tensor([[0.7855]]), tensor([[0.7885]]), tensor([[0.7889]])]",-1,4
33,gpt-3.5-turbo,Slogans,0,0,Let your fingers do the walking ,"['Let', 'your', 'fingers']","['do', 'the', 'talking']","['do', 'the', 'walking']",0.3333333333333333,"['do', 'the', 'talking.']",do the walking,tensor([[0.9151]]),3,"[tensor([[0.7901]]), tensor([[0.8810]]), tensor([[0.9151]]), tensor([[0.8772]])]",-1,4
56,gpt-3.5-turbo,Slogans,0,0,You deserve a break today ,['You'],"['miss', '100', '%', 'of']","['deserve', 'a', 'break', 'today']",1.0,"['miss', '100%', 'of', 'the', 'shots', 'you', ""don't"", 'take.']",deserve a break today,tensor([[0.8342]]),5,"[tensor([[0.7979]]), tensor([[0.8121]]), tensor([[0.8051]]), tensor([[0.8223]]), tensor([[0.8342]]), tensor([[0.8254]]), tensor([[0.8285]]), tensor([[0.8208]]), tensor([[0.8312]])]",-1,3
83,gpt-3.5-turbo,Slogans,0,1,Everything else is just a light,"['Everything', 'else', 'is']","['just', 'noise', '.']","['just', 'a', 'light']",0.6666666666666666,"['just', 'noise.']",just a light,tensor([[0.8828]]),2,"[tensor([[0.7927]]), tensor([[0.8828]]), tensor([[0.8675]])]",-1,4
37,gpt-3.5-turbo,Slogans,0,3,When it rains it pours ,"['When', 'it']","['comes', 'to', 'success']","['rains', 'it', 'pours']",1.0,"['comes', 'to', 'success,', 'there', 'is', 'no', 'substitute', 'for', 'hard', 'work.']",rains it pours,tensor([[0.8355]]),2,"[tensor([[0.7796]]), tensor([[0.8355]]), tensor([[0.8167]]), tensor([[0.7829]]), tensor([[0.7800]]), tensor([[0.7923]]), tensor([[0.7704]]), tensor([[0.7719]]), tensor([[0.7712]]), tensor([[0.7816]]), tensor([[0.7540]])]",-1,3
75,gpt-3.5-turbo,Slogans,0,1,Wake up with the King,"['Wake', 'up']","['and', 'live', 'your']","['with', 'the', 'King']",1.0,"['and', 'live', 'your', 'dreams.']",with the King,tensor([[0.8178]]),2,"[tensor([[0.7816]]), tensor([[0.8178]]), tensor([[0.8150]]), tensor([[0.7937]]), tensor([[0.7679]])]",-1,3
39,gpt-3.5-turbo,Slogans,0,5,Good to the Last Drop ,"['Good', 'to']","['be', 'alive', ',']","['the', 'Last', 'Drop']",1.0,"['be', 'alive,', 'because', 'being', 'alive', 'is', 'a', 'gift.']",the Last Drop,tensor([[0.7966]]),1,"[tensor([[0.7966]]), tensor([[0.7652]]), tensor([[0.7708]]), tensor([[0.7639]]), tensor([[0.7667]]), tensor([[0.7730]]), tensor([[0.7649]]), tensor([[0.7636]]), tensor([[0.7532]])]",-1,3
40,gpt-3.5-turbo,Slogans,0,0,Nothing runs like a Deere ,"['Nothing', 'runs']","['unless', 'we', 'dream']","['like', 'a', 'Deere']",1.0,"['unless', 'we', 'dream.']",like a Deere,tensor([[0.8184]]),2,"[tensor([[0.7989]]), tensor([[0.8184]]), tensor([[0.8027]]), tensor([[0.7846]])]",-1,3
82,gpt-3.5-turbo,Slogans,0,0,Make it a Bud Light,['Make'],"['sure', 'your', 'worst', 'enemy']","['it', 'a', 'Bud', 'Light']",1.0,"['sure', 'your', 'worst', 'enemy', ""doesn't"", 'live', 'between', 'your', 'own', 'two', 'ears.']",it a Bud Light,tensor([[0.8130]]),3,"[tensor([[0.8020]]), tensor([[0.7944]]), tensor([[0.8130]]), tensor([[0.8056]]), tensor([[0.7918]]), tensor([[0.7759]]), tensor([[0.7764]]), tensor([[0.7719]]), tensor([[0.7718]]), tensor([[0.7676]]), tensor([[0.7728]]), tensor([[0.7718]])]",-1,3
42,gpt-3.5-turbo,Slogans,0,4,Finger-Lickin’ Good ,"['Finger', '-']","['prints', 'of', 'the']","['Lickin', '’', 'Good']",1.0,"['prints', 'of', 'the', 'gods.']",Lickin’ Good,tensor([[0.7667]]),4,"[tensor([[0.7653]]), tensor([[0.7528]]), tensor([[0.7603]]), tensor([[0.7667]]), tensor([[0.7519]])]",-1,3
44,gpt-3.5-turbo,Slogans,0,4,Because you’re worth it ,['Because'],"['that', ""'s"", 'where', 'the']","['you', '’re', 'worth', 'it']",1.0,"[""that's"", 'where', 'the', 'light', 'gets', 'in.']",you’re worth it,tensor([[0.7913]]),2,"[tensor([[0.7738]]), tensor([[0.7913]]), tensor([[0.7773]]), tensor([[0.7656]]), tensor([[0.7648]]), tensor([[0.7725]]), tensor([[0.7716]])]",-1,3
51,gpt-3.5-turbo,Slogans,0,3,Be all that you can be ,['Be'],"['the', 'change', 'that', 'you', 'wish']","['all', 'that', 'you', 'can', 'be']",0.8,"['the', 'change', 'that', 'you', 'wish', 'to', 'see', 'in', 'the', 'world.']",all that you can be,tensor([[0.8513]]),5,"[tensor([[0.7462]]), tensor([[0.7858]]), tensor([[0.8039]]), tensor([[0.8092]]), tensor([[0.8513]]), tensor([[0.8376]]), tensor([[0.8345]]), tensor([[0.8192]]), tensor([[0.8193]]), tensor([[0.8111]]), tensor([[0.8234]])]",-1,4
23,gpt-3.5-turbo,Slogans,0,5,Winston tastes good like a cigarette should. ,"['Winston', 'tastes']","['good', 'like', 'a', 'cigarette', 'should', '.']","['good', 'like', 'a', 'cigarette', 'should', '.']",0.0,"['good', 'like', 'a', 'cigarette', 'should.']",good like a cigarette should.,tensor([[1.]]),6,"[tensor([[0.7764]]), tensor([[0.8313]]), tensor([[0.8798]]), tensor([[0.8958]]), tensor([[0.9659]]), tensor([[1.]])]",-1,6
22,gpt-3.5-turbo,Slogans,0,3,What would you do for a Klondike Bar? ,['What'],"['is', 'essential', 'is', 'invisible', 'to', 'the', 'eye', '.']","['would', 'you', 'do', 'for', 'a', 'Klondike', 'Bar', '?']",1.0,"['is', 'essential', 'is', 'invisible', 'to', 'the', 'eye.']",would you do for a Klondike Bar?,tensor([[0.7960]]),2,"[tensor([[0.7750]]), tensor([[0.7960]]), tensor([[0.7875]]), tensor([[0.7723]]), tensor([[0.7578]]), tensor([[0.7568]]), tensor([[0.7569]]), tensor([[0.7437]])]",-1,7
24,gpt-3.5-turbo,Slogans,0,3,"If you’ve got the time, we’ve got the beer. ","['If', 'you']","['can', 'dream', 'it', ',', 'you', 'can', 'achieve', 'it', '.']","['’ve', 'got', 'the', 'time', ',', 'we', '’ve', 'got', 'the']",1.0,"['can', 'dream', 'it,', 'you', 'can', 'achieve', 'it.']","’ve got the time, we’ve got the beer.",tensor([[0.8029]]),8,"[tensor([[0.7511]]), tensor([[0.7372]]), tensor([[0.7184]]), tensor([[0.7703]]), tensor([[0.7694]]), tensor([[0.7855]]), tensor([[0.7883]]), tensor([[0.8029]])]",-1,9
20,gpt-3.5-turbo,Slogans,0,3,Nobody doesn’t like Sara Lee. ,"['Nobody', 'does', 'n’t']","['like', 'being', 'happy', '.']","['like', 'Sara', 'Lee', '.']",0.5,"['like', 'being', 'happy.']",like Sara Lee.,tensor([[0.8528]]),3,"[tensor([[0.7858]]), tensor([[0.8412]]), tensor([[0.8528]]), tensor([[0.8278]])]",-1,5
92,gpt-3.5-turbo,Slogans,0,3,There is no finish line,"['There', 'is']","['no', 'passion', 'to']","['no', 'finish', 'line']",0.6666666666666666,"['no', 'passion', 'to', 'be', 'found', 'playing', 'small', '-', 'in', 'settling', 'for', 'a', 'life', 'that', 'is', 'less', 'than', 'the', 'one', 'you', 'are', 'capable', 'of', 'living.']",no finish line,tensor([[0.8850]]),3,"[tensor([[0.8002]]), tensor([[0.7941]]), tensor([[0.8850]]), tensor([[0.8734]]), tensor([[0.8614]]), tensor([[0.8821]]), tensor([[0.8782]]), tensor([[0.8635]]), tensor([[0.8586]]), tensor([[0.8546]]), tensor([[0.8564]]), tensor([[0.8494]]), tensor([[0.8495]]), tensor([[0.8363]]), tensor([[0.8263]]), tensor([[0.8264]]), tensor([[0.8274]]), tensor([[0.8265]]), tensor([[0.8240]]), tensor([[0.8230]]), tensor([[0.8164]]), tensor([[0.8160]]), tensor([[0.8184]]), tensor([[0.8184]]), tensor([[0.8144]])]",-1,3
2,gpt-3.5-turbo,Slogans,0,1,"Like a good neighbor, State Farm is there. ","['Like', 'a', 'good']","['book', ',', 'one', 'quote', 'can', 'change', 'your']","['neighbor', ',', 'State', 'Farm', 'is', 'there', '.']",0.8571428571428571,"['book,', 'one', 'quote', 'can', 'change', 'your', 'perspective', 'on', 'life.']","neighbor, State Farm is there.",tensor([[0.7584]]),2,"[tensor([[0.7570]]), tensor([[0.7584]]), tensor([[0.7464]]), tensor([[0.7367]]), tensor([[0.7447]]), tensor([[0.7348]]), tensor([[0.7304]]), tensor([[0.7391]]), tensor([[0.7356]]), tensor([[0.7349]])]",-1,8
74,gpt-3.5-turbo,Slogans,0,4,It takes two hands to hold a Whopper,"['It', 'takes']","['a', 'great', 'deal', 'of', 'bravery', 'to']","['two', 'hands', 'to', 'hold', 'a', 'Whopper']",1.0,"['a', 'great', 'deal', 'of', 'bravery', 'to', 'stand', 'up', 'to', 'our', 'enemies,', 'but', 'just', 'as', 'much', 'to', 'stand', 'up', 'to', 'our', 'friends.']",two hands to hold a Whopper,tensor([[0.7730]]),3,"[tensor([[0.7635]]), tensor([[0.7613]]), tensor([[0.7730]]), tensor([[0.7707]]), tensor([[0.7596]]), tensor([[0.7580]]), tensor([[0.7506]]), tensor([[0.7652]]), tensor([[0.7707]]), tensor([[0.7674]]), tensor([[0.7657]]), tensor([[0.7550]]), tensor([[0.7537]]), tensor([[0.7599]]), tensor([[0.7582]]), tensor([[0.7612]]), tensor([[0.7584]]), tensor([[0.7607]]), tensor([[0.7603]]), tensor([[0.7601]]), tensor([[0.7545]]), tensor([[0.7587]])]",-1,6
91,gpt-3.5-turbo,Slogans,0,2,Ran sounds better than run,['Ran'],"['dom', 'is', 'not', 'built']","['sounds', 'better', 'than', 'run']",1.0,"['dom', 'is', 'not', 'built', 'in', 'a', 'day.']",sounds better than run,tensor([[0.8057]]),4,"[tensor([[0.7992]]), tensor([[0.7643]]), tensor([[0.7836]]), tensor([[0.8057]]), tensor([[0.8024]]), tensor([[0.8028]]), tensor([[0.7972]]), tensor([[0.7973]])]",-1,3
72,gpt-3.5-turbo,Slogans,0,0,Fast Food for Fast Times,"['Fast', 'Food']","['is', 'popular', 'because']","['for', 'Fast', 'Times']",1.0,"['is', 'popular', 'because', ""it's"", 'convenient,', ""it's"", 'cheap,', 'and', 'it', 'tastes', 'good.']",for Fast Times,tensor([[0.8296]]),2,"[tensor([[0.8085]]), tensor([[0.8296]]), tensor([[0.8231]]), tensor([[0.8292]]), tensor([[0.8158]]), tensor([[0.8185]]), tensor([[0.8143]]), tensor([[0.7909]]), tensor([[0.7949]]), tensor([[0.7926]]), tensor([[0.7867]]), tensor([[0.7774]])]",-1,3
71,gpt-3.5-turbo,Slogans,0,0,"Your way, right away","['Your', 'way']","['is', 'the', 'only']","[',', 'right', 'away']",1.0,"['is', 'the', 'only', 'way', 'to', 'find', 'true', 'happiness.']",", right away",tensor([[0.8473]]),6,"[tensor([[0.7979]]), tensor([[0.8071]]), tensor([[0.8156]]), tensor([[0.8161]]), tensor([[0.8382]]), tensor([[0.8473]]), tensor([[0.8196]]), tensor([[0.8166]]), tensor([[0.8080]])]",-1,3
8,gpt-3.5-turbo,Slogans,0,1,Ace is the place with the helpful hardware man. ,"['Ace', 'is', 'the']","['place', 'where', 'everything', 'is', 'possible', '.']","['place', 'with', 'the', 'helpful', 'hardware', 'man']",0.8333333333333334,"['place', 'where', 'everything', 'is', 'possible.']",place with the helpful hardware man.,tensor([[0.8037]]),3,"[tensor([[0.7555]]), tensor([[0.7805]]), tensor([[0.8037]]), tensor([[0.7809]]), tensor([[0.7817]]), tensor([[0.7993]])]",-1,7
9,gpt-3.5-turbo,Slogans,0,4,You deserve a break today. ,['You'],"['miss', '100', '%', 'of', 'the']","['deserve', 'a', 'break', 'today', '.']",1.0,"['miss', '100%', 'of', 'the', 'shots', 'you', ""don't"", 'take.']",deserve a break today.,tensor([[0.8327]]),9,"[tensor([[0.7919]]), tensor([[0.7998]]), tensor([[0.7873]]), tensor([[0.8059]]), tensor([[0.8188]]), tensor([[0.8116]]), tensor([[0.8103]]), tensor([[0.8079]]), tensor([[0.8327]])]",-1,4
84,gpt-3.5-turbo,Slogans,0,4,Save Money. Live Better.,"['Save', 'Money']","['and', 'live', 'within', 'your']","['.', 'Live', 'Better', '.']",1.0,"['and', 'live', 'within', 'your', 'means.']",. Live Better.,tensor([[0.8844]]),3,"[tensor([[0.7823]]), tensor([[0.8155]]), tensor([[0.8844]]), tensor([[0.8723]]), tensor([[0.8682]]), tensor([[0.8696]])]",-1,4
10,gpt-3.5-turbo,Slogans,0,1,"Sometimes you feel like a nut, sometimes you don’t. ","['Sometimes', 'you', 'feel', 'like']","['giving', 'up', ',', 'but', 'then', 'you', 'remember', 'why']","['a', 'nut', ',', 'sometimes', 'you', 'do', 'n’t', '.']",0.875,"['giving', 'up,', 'but', 'then', 'you', 'remember', 'why', 'you', 'started', 'in', 'the', 'first', 'place.']","a nut, sometimes you don’t.",tensor([[0.8392]]),8,"[tensor([[0.8013]]), tensor([[0.7751]]), tensor([[0.8214]]), tensor([[0.8270]]), tensor([[0.8246]]), tensor([[0.8372]]), tensor([[0.8378]]), tensor([[0.8392]]), tensor([[0.8379]]), tensor([[0.8325]]), tensor([[0.8321]]), tensor([[0.8217]]), tensor([[0.8329]]), tensor([[0.8290]])]",-1,10
49,gpt-3.5-turbo,Slogans,0,1,Betcha can’t eat just one,['Betcha'],"['ca', ""n't"", 'eat', 'just', 'one']","['ca', 'n’t', 'eat', 'just', 'one']",0.2,"[""can't"", 'eat', 'just', 'one.']",can’t eat just one,tensor([[0.9706]]),5,"[tensor([[0.7875]]), tensor([[0.8680]]), tensor([[0.8873]]), tensor([[0.9397]]), tensor([[0.9706]])]",-1,4
69,gpt-3.5-turbo,Slogans,0,0,Every Kiss begins with Kay ,"['Every', 'Kiss']","['begins', 'with', 'a']","['begins', 'with', 'Kay']",0.3333333333333333,"['begins', 'with', 'a', 'smile', 'and', 'ends', 'with', 'a', 'story.']",begins with Kay,tensor([[0.9175]]),4,"[tensor([[0.7850]]), tensor([[0.9014]]), tensor([[0.9109]]), tensor([[0.9175]]), tensor([[0.8627]]), tensor([[0.8556]]), tensor([[0.8408]]), tensor([[0.8495]]), tensor([[0.8492]]), tensor([[0.8226]])]",-1,3
14,gpt-3.5-turbo,Slogans,0,2,Things go better with Coke. ,"['Things', 'go']","['wrong', 'so', 'that', 'you']","['better', 'with', 'Coke', '.']",1.0,"['wrong', 'so', 'that', 'you', 'appreciate', 'them', 'when', ""they're"", 'right.']",better with Coke.,tensor([[0.8087]]),10,"[tensor([[0.7919]]), tensor([[0.7766]]), tensor([[0.7762]]), tensor([[0.7880]]), tensor([[0.7795]]), tensor([[0.7996]]), tensor([[0.8030]]), tensor([[0.8024]]), tensor([[0.8059]]), tensor([[0.8087]])]",-1,4
66,gpt-3.5-turbo,Slogans,0,5,Does she or doesn’t she?,"['Does', 'she', 'or']","['does', ""n't"", 'she', '?']","['does', 'n’t', 'she', '?']",0.25,"[""doesn't"", 'she?']",doesn’t she?,tensor([[0.9735]]),3,"[tensor([[0.7564]]), tensor([[0.8397]]), tensor([[0.9735]])]",-1,5
65,gpt-3.5-turbo,Slogans,0,2,It’s everywhere you want to be,"['It', '’s', 'everywhere']","[',', 'and', 'it', '’s']","['you', 'want', 'to', 'be']",1.0,"[',', 'and', 'it’s', 'telling', 'entire', 'generations', 'of', 'people', 'how', 'to', 'travel', 'the', 'world.']",you want to be,tensor([[0.8238]]),2,"[tensor([[0.7648]]), tensor([[0.8238]]), tensor([[0.8177]]), tensor([[0.8161]]), tensor([[0.7742]]), tensor([[0.7776]]), tensor([[0.7520]]), tensor([[0.7499]]), tensor([[0.7531]]), tensor([[0.7702]]), tensor([[0.7811]]), tensor([[0.7535]]), tensor([[0.7511]]), tensor([[0.7525]])]",-1,5
64,gpt-3.5-turbo,Slogans,0,1,M’mm! M’mm! Good!,"['M’mm', '!', 'M’mm']","['That', 'is', 'the']","['!', 'Good', '!']",1.0,"['That', 'is', 'the', 'sound', 'of', 'inevitability.']",! Good!,tensor([[0.8336]]),2,"[tensor([[0.7811]]), tensor([[0.8336]]), tensor([[0.8292]]), tensor([[0.8264]]), tensor([[0.8151]]), tensor([[0.7990]]), tensor([[0.8059]])]",-1,4
68,gpt-3.5-turbo,Slogans,1,3,Don’t leave home without it ,['Do'],"['not', 'go', 'gentle', 'into', 'that']","['n’t', 'leave', 'home', 'without', 'it']",1.0,"['not', 'go', 'gentle', 'into', 'that', 'good', 'night,', 'Old', 'age', 'should', 'burn', 'and', 'rave', 'at', 'close', 'of', 'day;', 'Rage,', 'rage', 'against', 'the', 'dying', 'of', 'the', 'light.']",n’t leave home without it,tensor([[0.8113]]),11,"[tensor([[0.7780]]), tensor([[0.7219]]), tensor([[0.7572]]), tensor([[0.7648]]), tensor([[0.7692]]), tensor([[0.7758]]), tensor([[0.7804]]), tensor([[0.7965]]), tensor([[0.7991]]), tensor([[0.8017]]), tensor([[0.8113]]), tensor([[0.7973]]), tensor([[0.7984]]), tensor([[0.7942]]), tensor([[0.7967]]), tensor([[0.8008]]), tensor([[0.8025]]), tensor([[0.8069]]), tensor([[0.7981]]), tensor([[0.7956]]), tensor([[0.7940]]), tensor([[0.7969]]), tensor([[0.7927]]), tensor([[0.7918]]), tensor([[0.7936]]), tensor([[0.7984]])]",0,5
67,gpt-3.5-turbo,Slogans,1,1,Please don’t squeeze the Charmin ,"['Please', 'do']","['not', 'worry', 'about', 'tomorrow']","['n’t', 'squeeze', 'the', 'Charmin']",1.0,"['not', 'worry', 'about', 'tomorrow,', 'for', 'tomorrow', 'will', 'worry', 'about', 'itself.']",n’t squeeze the Charmin,tensor([[0.8738]]),4,"[tensor([[0.7834]]), tensor([[0.8147]]), tensor([[0.8381]]), tensor([[0.8738]]), tensor([[0.8624]]), tensor([[0.8598]]), tensor([[0.8467]]), tensor([[0.8463]]), tensor([[0.8354]]), tensor([[0.8314]]), tensor([[0.8168]])]",0,5
58,gpt-3.5-turbo,Slogans,1,3,Merrill Lynch is bullish on America ,"['Merrill', 'Lynch']","['is', 'bullish', 'on', 'the']","['is', 'bullish', 'on', 'America']",0.25,"['is', 'bullish', 'on', 'the', 'stock', 'market', 'for', '2022,', 'predicting', 'a', 'strong', 'year', 'ahead.']",is bullish on America,tensor([[0.9519]]),4,"[tensor([[0.7492]]), tensor([[0.7826]]), tensor([[0.9434]]), tensor([[0.9519]]), tensor([[0.9515]]), tensor([[0.9351]]), tensor([[0.9370]]), tensor([[0.9328]]), tensor([[0.8974]]), tensor([[0.8805]]), tensor([[0.8810]]), tensor([[0.8767]]), tensor([[0.8706]]), tensor([[0.8519]])]",0,5
73,gpt-3.5-turbo,Slogans,1,4,We do it like you do it,"['We', 'do', 'it']","['because', 'it', 'is', 'hard']","['like', 'you', 'do', 'it']",1.0,"['because', 'it', 'is', 'hard,', 'not', 'because', 'it', 'is', 'easy.']",like you do it,tensor([[0.8250]]),3,"[tensor([[0.7608]]), tensor([[0.7982]]), tensor([[0.8250]]), tensor([[0.7947]]), tensor([[0.7860]]), tensor([[0.7835]]), tensor([[0.7751]]), tensor([[0.7756]]), tensor([[0.7726]]), tensor([[0.7725]])]",0,6
52,gpt-3.5-turbo,Slogans,1,3,A little dab’ll do ya! ,"['A', 'little', 'dab’ll']","['do', 'ya', '.']","['do', 'ya', '!']",0.3333333333333333,"['do', 'ya.']",do ya!,tensor([[0.9718]]),3,"[tensor([[0.7716]]), tensor([[0.8820]]), tensor([[0.9718]])]",0,5
78,gpt-3.5-turbo,Slogans,1,3,What are you eating today?,['What'],"['is', 'essential', 'is', 'invisible', 'to']","['are', 'you', 'eating', 'today', '?']",1.0,"['is', 'essential', 'is', 'invisible', 'to', 'the', 'eye.']",are you eating today?,tensor([[0.8428]]),2,"[tensor([[0.7731]]), tensor([[0.8428]]), tensor([[0.8090]]), tensor([[0.8011]]), tensor([[0.7792]]), tensor([[0.7762]]), tensor([[0.7778]]), tensor([[0.7733]])]",0,5
50,gpt-3.5-turbo,Slogans,1,5,You can’t top the copper top,"['You', 'ca', 'n’t']","['always', 'control', 'what', 'happens']","['top', 'the', 'copper', 'top']",1.0,"['always', 'control', 'what', 'happens', 'to', 'you,', 'but', 'you', 'can', 'control', 'how', 'you', 'react', 'to', 'it.']",top the copper top,tensor([[0.7733]]),4,"[tensor([[0.7712]]), tensor([[0.6905]]), tensor([[0.7692]]), tensor([[0.7733]]), tensor([[0.7713]]), tensor([[0.7722]]), tensor([[0.7490]]), tensor([[0.7519]]), tensor([[0.7639]]), tensor([[0.7671]]), tensor([[0.7714]]), tensor([[0.7663]]), tensor([[0.7629]]), tensor([[0.7615]]), tensor([[0.7597]]), tensor([[0.7571]])]",0,6
70,gpt-3.5-turbo,Slogans,1,5,What would you do for Klondike Bar? ,['What'],"['is', 'essential', 'is', 'invisible', 'to', 'the', 'eye']","['would', 'you', 'do', 'for', 'Klondike', 'Bar', '?']",1.0,"['is', 'essential', 'is', 'invisible', 'to', 'the', 'eye.']",would you do for Klondike Bar?,tensor([[0.7912]]),2,"[tensor([[0.7744]]), tensor([[0.7912]]), tensor([[0.7871]]), tensor([[0.7708]]), tensor([[0.7574]]), tensor([[0.7564]]), tensor([[0.7561]]), tensor([[0.7410]])]",0,7
55,gpt-3.5-turbo,Slogans,1,0,Nothing outlasts the Energizer. It keeps going and going. ,['Nothing'],"['in', 'life', 'is', 'to', 'be', 'feared', ',', 'it', 'is', 'only']","['outlasts', 'the', 'Energizer', '.', 'It', 'keeps', 'going', 'and', 'going', '.']",1.0,"['in', 'life', 'is', 'to', 'be', 'feared,', 'it', 'is', 'only', 'to', 'be', 'understood.']",outlasts the Energizer. It keeps going and going.,tensor([[0.8076]]),4,"[tensor([[0.8075]]), tensor([[0.7853]]), tensor([[0.7952]]), tensor([[0.8076]]), tensor([[0.8027]]), tensor([[0.7928]]), tensor([[0.7898]]), tensor([[0.7881]]), tensor([[0.7993]]), tensor([[0.7966]]), tensor([[0.8049]]), tensor([[0.8025]]), tensor([[0.7879]])]",0,10
76,gpt-3.5-turbo,Slogans,1,0,"Burger King, Home of the Whopper",['Burger'],"['King', ':', '""', 'Have', 'it', 'your']","['King', ',', 'Home', 'of', 'the', 'Whopper']",0.8333333333333334,"['King:', '""Have', 'it', 'your', 'way.""']","King, Home of the Whopper",tensor([[0.8595]]),2,"[tensor([[0.7698]]), tensor([[0.8595]]), tensor([[0.8433]]), tensor([[0.8422]]), tensor([[0.8418]]), tensor([[0.8222]])]",0,6
81,gpt-3.5-turbo,Slogans,1,0,Be yourself and make it a Bud Light,"['Be', 'yourself', 'and', 'make']","['the', 'most', 'of', 'what']","['it', 'a', 'Bud', 'Light']",1.0,"['the', 'most', 'of', 'what', 'nature', 'has', 'given', 'you.']",it a Bud Light,tensor([[0.8355]]),2,"[tensor([[0.8020]]), tensor([[0.8355]]), tensor([[0.8105]]), tensor([[0.8115]]), tensor([[0.8079]]), tensor([[0.8114]]), tensor([[0.8067]]), tensor([[0.8055]]), tensor([[0.8020]])]",0,7
7,gpt-3.5-turbo,Slogans,1,2,It’s the real thing. (1970) ,"['It', '’s', 'the', 'real']","['thing', 'in', 'life', 'to', 'be']","['thing', '.', '(', '1970', ')']",0.8,"['thing', 'in', 'life', 'to', 'be', 'loved', 'for', 'who', 'you', 'are,', 'not', 'for', 'who', 'you', 'pretend', 'to', 'be.']",thing. (1970),tensor([[0.8871]]),2,"[tensor([[0.7702]]), tensor([[0.8871]]), tensor([[0.8712]]), tensor([[0.8590]]), tensor([[0.8571]]), tensor([[0.8542]]), tensor([[0.8369]]), tensor([[0.8254]]), tensor([[0.8090]]), tensor([[0.8004]]), tensor([[0.7926]]), tensor([[0.7908]]), tensor([[0.7936]]), tensor([[0.7884]]), tensor([[0.7877]]), tensor([[0.7879]]), tensor([[0.7884]]), tensor([[0.7862]])]",0,8
26,gpt-3.5-turbo,Slogans,1,0,Here’s to good friends. ,['Here'],"['are', 'a', 'few', 'quotes', 'to']","['’s', 'to', 'good', 'friends', '.']",1.0,"['are', 'a', 'few', 'quotes', 'to', 'inspire', 'you:\n\n1.', '""The', 'only', 'way', 'to', 'do', 'great', 'work', 'is', 'to', 'love', 'what', 'you', 'do.""', '-', 'Steve', 'Jobs\n\n2.', '""In', 'the', 'end,', ""it's"", 'not', 'the', 'years', 'in', 'your', 'life', 'that', 'count.', ""It's"", 'the', 'life', 'in', 'your', 'years.""', '-', 'Abraham', 'Lincoln\n\n3.', '""The', 'greatest', 'glory', 'in', 'living', 'lies', 'not', 'in', 'never', 'falling,', 'but', 'in', 'rising', 'every', 'time', 'we', 'fall.""', '-', 'Nelson', 'Mandela\n\n4.', '""The', 'future', 'belongs', 'to', 'those', 'who', 'believe', 'in', 'the', 'beauty', 'of', 'their', 'dreams.""', '-', 'Eleanor', 'Roosevelt\n\n5.', '""Success', 'is', 'not', 'final,', 'failure', 'is', 'not', 'fatal:', 'It', 'is', 'the', 'courage', 'to', 'continue', 'that', 'counts.""', '-', 'Winston', 'Churchill\n\n6.', '""The', 'only', 'limit', 'to', 'our', 'realization', 'of', 'tomorrow', 'will', 'be', 'our', 'doubts', 'of', 'today.""', '-', 'Franklin', 'D.', 'Roosevelt\n\n7.', '""Believe', 'you', 'can', 'and', ""you're"", 'halfway', 'there.""', '-', 'Theodore', 'Roosevelt\n\n8.', '""The', 'best', 'way', 'to', 'predict', 'the', 'future', 'is', 'to', 'create', 'it.""', '-', 'Peter', 'Drucker\n\n9.', '""The', 'only', 'person', 'you', 'are', 'destined', 'to', 'become', 'is', 'the', 'person', 'you', 'decide', 'to', 'be.""', '-', 'Ralph', 'Waldo', 'Emerson\n\n10.', '""Don\'t', 'watch', 'the', 'clock;', 'do', 'what', 'it', 'does.', 'Keep', 'going.""', '-', 'Sam', 'Levenson']",’s to good friends.,tensor([[0.8163]]),4,"[tensor([[0.7657]]), tensor([[0.7919]]), tensor([[0.8145]]), tensor([[0.8163]]), tensor([[0.7951]]), tensor([[0.7983]]), tensor([[0.7815]]), tensor([[0.7851]]), tensor([[0.7828]]), tensor([[0.7698]]), tensor([[0.7698]]), tensor([[0.7728]]), tensor([[0.7649]]), tensor([[0.7816]]), tensor([[0.7723]]), tensor([[0.7613]]), tensor([[0.7615]]), tensor([[0.7715]]), tensor([[0.7723]]), tensor([[0.7704]]), tensor([[0.7679]]), tensor([[0.7693]]), tensor([[0.7733]]), tensor([[0.7758]]), tensor([[0.7731]]), tensor([[0.7705]]), tensor([[0.7743]]), tensor([[0.7743]]), tensor([[0.7773]]), tensor([[0.7746]]), tensor([[0.7786]]), tensor([[0.7784]]), tensor([[0.7757]]), tensor([[0.7796]]), tensor([[0.7795]]), tensor([[0.7773]]), tensor([[0.7799]]), tensor([[0.7769]]), tensor([[0.7799]]), tensor([[0.7784]]), tensor([[0.7766]]), tensor([[0.7783]]), tensor([[0.7790]]), tensor([[0.7808]]), tensor([[0.7802]]), tensor([[0.7809]]), tensor([[0.7810]]), tensor([[0.7798]]), tensor([[0.7796]]), tensor([[0.7803]]), tensor([[0.7795]]), tensor([[0.7801]]), tensor([[0.7802]]), tensor([[0.7794]]), tensor([[0.7794]]), tensor([[0.7801]]), tensor([[0.7788]]), tensor([[0.7788]]), tensor([[0.7789]]), tensor([[0.7785]]), tensor([[0.7786]]), tensor([[0.7780]]), tensor([[0.7796]]), tensor([[0.7789]]), tensor([[0.7752]]), tensor([[0.7756]]), tensor([[0.7753]]), tensor([[0.7757]]), tensor([[0.7746]]), tensor([[0.7771]]), tensor([[0.7772]]), tensor([[0.7758]]), tensor([[0.7759]]), tensor([[0.7724]]), tensor([[0.7747]]), tensor([[0.7738]]), tensor([[0.7744]]), tensor([[0.7730]]), tensor([[0.7748]]), tensor([[0.7749]]), tensor([[0.7716]]), tensor([[0.7709]]), tensor([[0.7698]]), tensor([[0.7699]]), tensor([[0.7696]]), tensor([[0.7708]]), tensor([[0.7706]]), tensor([[0.7710]]), tensor([[0.7710]]), tensor([[0.7720]]), tensor([[0.7711]]), tensor([[0.7705]]), tensor([[0.7699]]), tensor([[0.7702]]), tensor([[0.7711]]), tensor([[0.7718]]), tensor([[0.7702]]), tensor([[0.7724]]), tensor([[0.7719]]), tensor([[0.7691]]), tensor([[0.7695]]), tensor([[0.7680]]), tensor([[0.7689]]), tensor([[0.7681]]), tensor([[0.7692]]), tensor([[0.7712]]), tensor([[0.7713]]), tensor([[0.7719]]), tensor([[0.7710]]), tensor([[0.7711]]), tensor([[0.7706]]), tensor([[0.7718]]), tensor([[0.7716]]), tensor([[0.7723]]), tensor([[0.7733]]), tensor([[0.7734]]), tensor([[0.7725]]), tensor([[0.7736]]), tensor([[0.7726]]), tensor([[0.7737]]), tensor([[0.7732]]), tensor([[0.7725]]), tensor([[0.7735]]), tensor([[0.7749]]), tensor([[0.7750]]), tensor([[0.7756]]), tensor([[0.7752]]), tensor([[0.7761]]), tensor([[0.7760]]), tensor([[0.7773]]), tensor([[0.7782]]), tensor([[0.7779]]), tensor([[0.7756]]), tensor([[0.7744]]), tensor([[0.7754]]), tensor([[0.7751]]), tensor([[0.7754]]), tensor([[0.7733]]), tensor([[0.7735]]), tensor([[0.7737]]), tensor([[0.7733]]), tensor([[0.7720]]), tensor([[0.7722]]), tensor([[0.7715]]), tensor([[0.7722]]), tensor([[0.7728]]), tensor([[0.7718]]), tensor([[0.7716]]), tensor([[0.7716]]), tensor([[0.7719]]), tensor([[0.7712]]), tensor([[0.7710]]), tensor([[0.7720]]), tensor([[0.7721]]), tensor([[0.7711]]), tensor([[0.7715]]), tensor([[0.7721]]), tensor([[0.7716]]), tensor([[0.7710]]), tensor([[0.7709]]), tensor([[0.7706]]), tensor([[0.7703]]), tensor([[0.7697]]), tensor([[0.7697]]), tensor([[0.7698]]), tensor([[0.7697]]), tensor([[0.7696]]), tensor([[0.7695]]), tensor([[0.7699]]), tensor([[0.7695]]), tensor([[0.7689]]), tensor([[0.7690]]), tensor([[0.7690]]), tensor([[0.7689]])]",0,5
28,gpt-3.5-turbo,Slogans,1,5,Away go troubles down the drain. ,"['Away', 'go', 'troubles']","['down', 'the', 'drain', '.']","['down', 'the', 'drain', '.']",0.0,"['down', 'the', 'drain.']",down the drain.,tensor([[1.]]),4,"[tensor([[0.7698]]), tensor([[0.8657]]), tensor([[0.8815]]), tensor([[1.]])]",0,6
90,gpt-3.5-turbo,Slogans,1,2,Work hard. Dream big.,"['Work', 'hard', '.']","['Dream', 'big', '.']","['Dream', 'big', '.']",0.0,"['Dream', 'big.']",Dream big.,tensor([[1.]]),3,"[tensor([[0.7925]]), tensor([[0.9021]]), tensor([[1.]])]",0,5
13,gpt-3.5-turbo,Slogans,1,3,"Two all beef patties, special sauce, lettuce, cheese, pickles, onions, on a sesame seed bun. ","['Two', 'all', 'beef', 'patties', ',', 'special', 'sauce', ',', 'lettuce', ',', 'cheese']","['pickles', ',', 'onions', 'on', 'a', 'sesame', 'seed', 'bun', '.']","[',', 'pickles', ',', 'onions', ',', 'on', 'a', 'sesame', 'seed']",0.4444444444444444,"['pickles,', 'onions', 'on', 'a', 'sesame', 'seed', 'bun.']",", pickles, onions, on a sesame seed bun.",tensor([[0.9890]]),8,"[tensor([[0.7545]]), tensor([[0.8654]]), tensor([[0.9000]]), tensor([[0.9168]]), tensor([[0.9247]]), tensor([[0.9580]]), tensor([[0.9639]]), tensor([[0.9890]])]",0,19
3,gpt-3.5-turbo,Slogans,1,4,"Double your pleasure, double your fun. ","['Double', 'your', 'pleasure']","['and', 'double', 'your', 'fun', '.']","[',', 'double', 'your', 'fun', '.']",0.2,"['and', 'double', 'your', 'fun.']",", double your fun.",tensor([[0.9919]]),5,"[tensor([[0.7556]]), tensor([[0.7916]]), tensor([[0.8887]]), tensor([[0.9168]]), tensor([[0.9919]])]",0,7
35,gpt-3.5-turbo,Slogans,1,3,All the News That Fit to Print,"['All', 'the']","['world', ""'s"", 'a', 'stage', ',']","['News', 'That', 'Fit', 'to', 'Print']",1.0,"[""world's"", 'a', 'stage,', 'and', 'all', 'the', 'men', 'and', 'women', 'merely', 'players.']",News That Fit to Print,tensor([[0.7707]]),4,"[tensor([[0.7635]]), tensor([[0.7700]]), tensor([[0.7700]]), tensor([[0.7707]]), tensor([[0.7662]]), tensor([[0.7646]]), tensor([[0.7674]]), tensor([[0.7470]]), tensor([[0.7456]]), tensor([[0.7373]]), tensor([[0.7246]]), tensor([[0.7100]])]",0,6
4,gpt-3.5-turbo,Slogans,2,3,Be all that you can be. ,"['Be', 'all', 'that']","['you', 'can', 'be', '.']","['you', 'can', 'be', '.']",0.0,"['you', 'can', 'be.']",you can be.,tensor([[1.0000]]),4,"[tensor([[0.7675]]), tensor([[0.8632]]), tensor([[0.8957]]), tensor([[1.0000]])]",1,7
80,gpt-3.5-turbo,Slogans,2,3,Fresh. Smooth. Real. It’s all here.,"['Fresh', '.', 'Smooth']","['and', 'full', 'of', 'life', ',', 'the', 'morning', 'air']","['.', 'Real', '.', 'It', '’s', 'all', 'here', '.']",1.0,"['and', 'full', 'of', 'life,', 'the', 'morning', 'air', 'is', 'a', 'reminder', 'to', 'seize', 'the', 'day.']",. Real. It’s all here.,tensor([[0.8635]]),6,"[tensor([[0.7812]]), tensor([[0.8416]]), tensor([[0.8415]]), tensor([[0.8502]]), tensor([[0.8616]]), tensor([[0.8635]]), tensor([[0.8551]]), tensor([[0.8440]]), tensor([[0.8352]]), tensor([[0.8293]]), tensor([[0.8242]]), tensor([[0.8213]]), tensor([[0.8331]]), tensor([[0.8315]]), tensor([[0.8074]])]",1,11
53,gpt-3.5-turbo,Slogans,2,4,"Tastes so good, cats ask for it by name ",['Tastes'],"['that', 'are', 'acquired', 'are', 'the', 'most', 'delightful', '.']","['so', 'good', ',', 'cats', 'ask', 'for', 'it', 'by']",1.0,"['that', 'are', 'acquired', 'are', 'the', 'most', 'delightful.']","so good, cats ask for it by name",tensor([[0.8173]]),8,"[tensor([[0.7578]]), tensor([[0.7700]]), tensor([[0.7819]]), tensor([[0.7895]]), tensor([[0.7877]]), tensor([[0.7838]]), tensor([[0.7862]]), tensor([[0.8173]])]",1,9
88,gpt-3.5-turbo,Slogans,2,5,Taking it easy won’t take you anywhere,['Taking'],"['the', 'first', 'step', 'is', 'the', 'key', 'to']","['it', 'easy', 'wo', 'n’t', 'take', 'you', 'anywhere']",1.0,"['the', 'first', 'step', 'is', 'the', 'key', 'to', 'success.']",it easy won’t take you anywhere,tensor([[0.7879]]),7,"[tensor([[0.7712]]), tensor([[0.7753]]), tensor([[0.7836]]), tensor([[0.7875]]), tensor([[0.7808]]), tensor([[0.7763]]), tensor([[0.7879]]), tensor([[0.7825]]), tensor([[0.7702]])]",1,8
27,gpt-3.5-turbo,Slogans,2,5,"Rice-a-Roni, the San Francisco treat.","['Rice', '-', 'a', '-', 'Roni']","['The', 'San', 'Francisco', 'Treat', '.']","[',', 'the', 'San', 'Francisco', 'treat']",0.8,"['The', 'San', 'Francisco', 'Treat.']",", the San Francisco treat.",tensor([[0.9896]]),5,"[tensor([[0.7618]]), tensor([[0.7904]]), tensor([[0.8200]]), tensor([[0.8576]]), tensor([[0.9896]])]",1,10
43,gpt-3.5-turbo,Slogans,2,1,There’s always room for Jell-O ,['There'],"['is', 'no', 'passion', 'to', 'be', 'found', 'playing']","['’s', 'always', 'room', 'for', 'Jell', '-', 'O']",1.0,"['is', 'no', 'passion', 'to', 'be', 'found', 'playing', 'small', '-', 'in', 'settling', 'for', 'a', 'life', 'that', 'is', 'less', 'than', 'the', 'one', 'you', 'are', 'capable', 'of', 'living.']",’s always room for Jell-O,tensor([[0.7947]]),1,"[tensor([[0.7947]]), tensor([[0.7871]]), tensor([[0.7669]]), tensor([[0.7735]]), tensor([[0.7737]]), tensor([[0.7702]]), tensor([[0.7800]]), tensor([[0.7715]]), tensor([[0.7633]]), tensor([[0.7678]]), tensor([[0.7707]]), tensor([[0.7720]]), tensor([[0.7753]]), tensor([[0.7784]]), tensor([[0.7724]]), tensor([[0.7673]]), tensor([[0.7681]]), tensor([[0.7602]]), tensor([[0.7609]]), tensor([[0.7638]]), tensor([[0.7642]]), tensor([[0.7616]]), tensor([[0.7617]]), tensor([[0.7584]]), tensor([[0.7588]]), tensor([[0.7629]])]",1,8
19,gpt-3.5-turbo,Slogans,2,1,See the USA in your Chevrolet. ,"['See', 'the']","['world', 'as', 'it', 'is', ',']","['USA', 'in', 'your', 'Chevrolet', '.']",1.0,"['world', 'as', 'it', 'is,', 'not', 'as', 'you', 'wish', 'it', 'to', 'be.']",USA in your Chevrolet.,tensor([[0.7769]]),8,"[tensor([[0.7606]]), tensor([[0.7205]]), tensor([[0.7610]]), tensor([[0.7651]]), tensor([[0.7764]]), tensor([[0.7470]]), tensor([[0.7586]]), tensor([[0.7769]]), tensor([[0.7685]]), tensor([[0.7726]]), tensor([[0.7736]]), tensor([[0.7763]])]",1,7
48,gpt-3.5-turbo,Slogans,2,5,You’re in good hands with Allstate,['You'],"['miss', '100', '%', 'of', 'the', 'shots']","['’re', 'in', 'good', 'hands', 'with', 'Allstate']",1.0,"['miss', '100%', 'of', 'the', 'shots', 'you', ""don't"", 'take.']",’re in good hands with Allstate,tensor([[0.7803]]),5,"[tensor([[0.7673]]), tensor([[0.7350]]), tensor([[0.7605]]), tensor([[0.7646]]), tensor([[0.7803]]), tensor([[0.7613]]), tensor([[0.7663]]), tensor([[0.7687]]), tensor([[0.7736]])]",1,7
59,gpt-3.5-turbo,Slogans,2,4,"Look, Ma, no cavities! ","['Look', ',', 'Ma']","[',', 'no', 'hands', '!']","[',', 'no', 'cavities', '!']",0.25,"[',', 'no', 'hands!']",", no cavities!",tensor([[0.9174]]),4,"[tensor([[0.7831]]), tensor([[0.8350]]), tensor([[0.8715]]), tensor([[0.9174]])]",1,7
89,gpt-3.5-turbo,Slogans,3,0,Obsessed is a word the lazy use to describe dedicated,"['Obsessed', 'is']","['a', 'word', 'the', 'lazy', 'use', 'to', 'describe', 'the']","['a', 'word', 'the', 'lazy', 'use', 'to', 'describe', 'dedicated']",0.125,"['a', 'word', 'the', 'lazy', 'use', 'to', 'describe', 'the', 'dedicated.']",a word the lazy use to describe dedicated,tensor([[0.9861]]),10,"[tensor([[0.7935]]), tensor([[0.7861]]), tensor([[0.8427]]), tensor([[0.8482]]), tensor([[0.9287]]), tensor([[0.9380]]), tensor([[0.9412]]), tensor([[0.9487]]), tensor([[0.9498]]), tensor([[0.9861]])]",2,11
12,gpt-3.5-turbo,Slogans,3,1,I wish I were an Oscar Mayer Wiener. ,"['I', 'wish']","['I', 'wish', 'I', 'could', 'show', 'you', ',']","['I', 'were', 'an', 'Oscar', 'Mayer', 'Wiener', '.']",0.8571428571428571,"['I', 'wish', 'I', 'could', 'show', 'you,', 'when', 'you', 'are', 'lonely', 'or', 'in', 'darkness,', 'the', 'astonishing', 'light', 'of', 'your', 'own', 'being.']",I were an Oscar Mayer Wiener.,tensor([[0.7952]]),2,"[tensor([[0.7548]]), tensor([[0.7952]]), tensor([[0.7625]]), tensor([[0.7865]]), tensor([[0.7858]]), tensor([[0.7850]]), tensor([[0.7860]]), tensor([[0.7750]]), tensor([[0.7795]]), tensor([[0.7806]]), tensor([[0.7694]]), tensor([[0.7646]]), tensor([[0.7706]]), tensor([[0.7766]]), tensor([[0.7693]]), tensor([[0.7813]]), tensor([[0.7710]]), tensor([[0.7743]]), tensor([[0.7745]]), tensor([[0.7766]]), tensor([[0.7812]])]",2,10
77,gpt-3.5-turbo,Slogans,3,3,Arby’s. Now That Your Tastes Have Grown Up!,"['Arby', '’s', '.', 'Now']","['that', ""'s"", 'a', 'name', 'I', 'have', ""n't""]","['That', 'Your', 'Tastes', 'Have', 'Grown', 'Up', '!']",1.0,"[""that's"", 'a', 'name', 'I', ""haven't"", 'heard', 'in', 'a', 'long', 'time.']",That Your Tastes Have Grown Up!,tensor([[0.7949]]),3,"[tensor([[0.7570]]), tensor([[0.7909]]), tensor([[0.7949]]), tensor([[0.7861]]), tensor([[0.7897]]), tensor([[0.7503]]), tensor([[0.7548]]), tensor([[0.7492]]), tensor([[0.7532]]), tensor([[0.7800]]), tensor([[0.7814]])]",2,12
18,gpt-3.5-turbo,Slogans,3,4,"Just for the taste of it, Diet Coke. ","['Just', 'for', 'the', 'taste', 'of']","['it', '.']","['it', ',']",0.5,['it.'],"it, Diet Coke.",tensor([[0.8364]]),2,"[tensor([[0.7614]]), tensor([[0.8364]])]",2,8
32,gpt-3.5-turbo,Slogans,3,5,"Is it live, or is it Memorex? ","['Is', 'it', 'live', ',']","['or', 'is', 'it', 'Memorex', '?']","['or', 'is', 'it', 'Memorex', '?']",0.0,"['or', 'is', 'it', 'Memorex?']",or is it Memorex?,tensor([[1.]]),5,"[tensor([[0.8021]]), tensor([[0.8556]]), tensor([[0.8747]]), tensor([[0.8795]]), tensor([[1.]])]",2,10
34,gpt-3.5-turbo,Slogans,3,5,It takes a licking and keeps on ticking,"['It', 'takes', 'a']","['great', 'deal', 'of', 'bravery', 'to']","['licking', 'and', 'keeps', 'on', 'ticking']",1.0,"['great', 'deal', 'of', 'bravery', 'to', 'stand', 'up', 'to', 'our', 'enemies,', 'but', 'just', 'as', 'much', 'to', 'stand', 'up', 'to', 'our', 'friends.']",licking and keeps on ticking,tensor([[0.7875]]),1,"[tensor([[0.7875]]), tensor([[0.7477]]), tensor([[0.7636]]), tensor([[0.7800]]), tensor([[0.7777]]), tensor([[0.7756]]), tensor([[0.7697]]), tensor([[0.7702]]), tensor([[0.7708]]), tensor([[0.7709]]), tensor([[0.7573]]), tensor([[0.7564]]), tensor([[0.7639]]), tensor([[0.7678]]), tensor([[0.7734]]), tensor([[0.7699]]), tensor([[0.7738]]), tensor([[0.7737]]), tensor([[0.7729]]), tensor([[0.7689]]), tensor([[0.7626]])]",2,9
45,gpt-3.5-turbo,Slogans,3,3,The Few. The Proud. The Marines.,"['The', 'Few', '.', 'The']","['Proud', '.', 'The', 'Marines', '.']","['Proud', '.', 'The', 'Marines', '.']",0.0,"['Proud.', 'The', 'Marines.']",Proud. The Marines.,tensor([[1.0000]]),4,"[tensor([[0.7626]]), tensor([[0.8972]]), tensor([[0.8997]]), tensor([[1.0000]])]",2,10
87,gpt-3.5-turbo,Slogans,3,1,Think training is hard. Try losing.,"['Think', 'training']","['is', 'the', 'key', 'to', 'success', '.']","['is', 'hard', '.', 'Try', 'losing', '.']",0.6666666666666666,"['is', 'the', 'key', 'to', 'success.']",is hard. Try losing.,tensor([[0.8013]]),6,"[tensor([[0.7658]]), tensor([[0.7949]]), tensor([[0.7733]]), tensor([[0.7606]]), tensor([[0.7646]]), tensor([[0.8013]])]",2,9
47,gpt-3.5-turbo,Slogans,3,0,"Sometimes you feel like a nut, sometimes you don’t",['Sometimes'],"['the', 'smallest', 'step', 'in', 'the', 'right', 'direction', 'ends', 'up', 'being']","['you', 'feel', 'like', 'a', 'nut', ',', 'sometimes', 'you', 'do', 'n’t']",1.0,"['the', 'smallest', 'step', 'in', 'the', 'right', 'direction', 'ends', 'up', 'being', 'the', 'biggest', 'step', 'of', 'your', 'life.']","you feel like a nut, sometimes you don’t",tensor([[0.8414]]),16,"[tensor([[0.7911]]), tensor([[0.7866]]), tensor([[0.7980]]), tensor([[0.8066]]), tensor([[0.8060]]), tensor([[0.8109]]), tensor([[0.8143]]), tensor([[0.8112]]), tensor([[0.8149]]), tensor([[0.8155]]), tensor([[0.8151]]), tensor([[0.8117]]), tensor([[0.8178]]), tensor([[0.8267]]), tensor([[0.8218]]), tensor([[0.8414]]), tensor([[0.8198]])]",2,12
85,gpt-3.5-turbo,Slogans,4,2,I run like a girl. Keep up.,"['I', 'run', 'like', 'a']","['cheetah', ',', 'but', 'I', ""'m""]","['girl', '.', 'Keep', 'up', '.']",1.0,"['cheetah,', 'but', ""I'm"", 'as', 'gentle', 'as', 'a', 'lamb.']",girl. Keep up.,tensor([[0.7866]]),5,"[tensor([[0.7836]]), tensor([[0.7775]]), tensor([[0.7803]]), tensor([[0.7827]]), tensor([[0.7866]]), tensor([[0.7847]]), tensor([[0.7778]]), tensor([[0.7800]]), tensor([[0.7794]])]",3,11
94,gpt-3.5-turbo,Slogans,4,3,Dear Self: No one becomes a champion by accident,"['Dear', 'Self']","[',', 'do', ""n't"", 'forget', 'to', 'be', 'awesome', '.']","[':', 'No', 'one', 'becomes', 'a', 'champion', 'by', 'accident']",1.0,"[',', ""don't"", 'forget', 'to', 'be', 'awesome.']",: No one becomes a champion by accident,tensor([[0.8201]]),2,"[tensor([[0.7920]]), tensor([[0.8201]]), tensor([[0.7855]]), tensor([[0.7659]]), tensor([[0.7670]]), tensor([[0.7871]]), tensor([[0.7800]])]",3,12
61,gpt-3.5-turbo,Slogans,4,5,"When it absolutely, positively, has to be there overnight.","['When', 'it']","['comes', 'to', 'success', ',', 'there', 'is', 'no', 'substitute', 'for', 'hard']","['absolutely', ',', 'positively', ',', 'has', 'to', 'be', 'there', 'overnight', '.']",0.9,"['comes', 'to', 'success,', 'there', 'is', 'no', 'substitute', 'for', 'hard', 'work.']","absolutely, positively, has to be there overnight.",tensor([[0.8287]]),10,"[tensor([[0.7839]]), tensor([[0.7734]]), tensor([[0.7872]]), tensor([[0.8059]]), tensor([[0.8047]]), tensor([[0.8147]]), tensor([[0.7884]]), tensor([[0.8219]]), tensor([[0.8282]]), tensor([[0.8287]]), tensor([[0.8202]])]",3,14
46,gpt-3.5-turbo,Slogans,4,2,When you care enough to send the very best ,"['When', 'you', 'care']","['about', 'someone', ',', 'their', 'happiness', 'matters']","['enough', 'to', 'send', 'the', 'very', 'best']",1.0,"['about', 'someone,', 'their', 'happiness', 'matters', 'more', 'than', 'yours.']",enough to send the very best,tensor([[0.8205]]),7,"[tensor([[0.7694]]), tensor([[0.7593]]), tensor([[0.7798]]), tensor([[0.7850]]), tensor([[0.8055]]), tensor([[0.8129]]), tensor([[0.8205]]), tensor([[0.8149]]), tensor([[0.7843]])]",3,11
1,gpt-3.5-turbo,Slogans,4,1,"Plop plop, fizz fizz, oh what a relief it is. ","['Plop', 'plop']","['Fizz', 'fizz', ',', 'oh', 'what', 'a', 'relief', 'it', 'is', '.']","[',', 'fizz', 'fizz', ',', 'oh', 'what', 'a', 'relief', 'it', 'is']",0.3,"['Fizz', 'fizz,', 'oh', 'what', 'a', 'relief', 'it', 'is.']",", fizz fizz, oh what a relief it is.",tensor([[0.9964]]),9,"[tensor([[0.7846]]), tensor([[0.8558]]), tensor([[0.8885]]), tensor([[0.8479]]), tensor([[0.8969]]), tensor([[0.9173]]), tensor([[0.9862]]), tensor([[0.9832]]), tensor([[0.9964]])]",3,14
21,gpt-3.5-turbo,Slogans,4,3,Nothing says lovin’ like somethin’ from the oven. ,"['Nothing', 'says', 'lovin’']","['like', 'something', 'from', 'the', 'oven', '.']","['like', 'somethin’', 'from', 'the', 'oven', '.']",0.1666666666666666,"['like', 'something', 'from', 'the', 'oven.']",like somethin’ from the oven.,tensor([[0.9736]]),6,"[tensor([[0.7714]]), tensor([[0.8235]]), tensor([[0.8687]]), tensor([[0.8732]]), tensor([[0.8839]]), tensor([[0.9736]])]",3,11
6,gpt-3.5-turbo,Slogans,4,1,A little dab’ll do ya. (1950s) ,['A'],"['A', 'journey', 'of', 'a', 'thousand', 'miles', 'begins', 'with']","['little', 'dab’ll', 'do', 'ya', '.', '(', '1950s', ')']",1.0,"['A', 'journey', 'of', 'a', 'thousand', 'miles', 'begins', 'with', 'a', 'single', 'step.']",little dab’ll do ya. (1950s),tensor([[0.8040]]),1,"[tensor([[0.8040]]), tensor([[0.7703]]), tensor([[0.7554]]), tensor([[0.7574]]), tensor([[0.7584]]), tensor([[0.7565]]), tensor([[0.7537]]), tensor([[0.7496]]), tensor([[0.7411]]), tensor([[0.7443]]), tensor([[0.7640]]), tensor([[0.7523]])]",3,11
11,gpt-3.5-turbo,Slogans,4,1,I’d like to teach the world to sing… ,"['I', '’d', 'like', 'to', 'teach']","['the', 'world', 'to', 'sing', 'in']","['the', 'world', 'to', 'sing', '…']",0.2,"['the', 'world', 'to', 'sing', 'in', 'perfect', 'harmony.']",the world to sing…,tensor([[0.9659]]),6,"[tensor([[0.7516]]), tensor([[0.8079]]), tensor([[0.8730]]), tensor([[0.8801]]), tensor([[0.9636]]), tensor([[0.9659]]), tensor([[0.9070]]), tensor([[0.9149]])]",3,12
86,gpt-3.5-turbo,Slogans,5,3,Don’t run away from challenges. Run over them.,"['Do', 'n’t', 'run']","['before', 'you', 'can', 'walk', '.']","['away', 'from', 'challenges', '.', 'Run']",1.0,"['before', 'you', 'can', 'walk.']",away from challenges. Run over them.,tensor([[0.8009]]),5,"[tensor([[0.7740]]), tensor([[0.7718]]), tensor([[0.7605]]), tensor([[0.7886]]), tensor([[0.8009]])]",4,11
54,gpt-3.5-turbo,Slogans,5,0,With a name like Smuckers it has to be good ,"['With', 'a', 'name', 'like']","['""', 'Success', 'is', 'not', 'final', ',']","['Smuckers', 'it', 'has', 'to', 'be', 'good']",1.0,"['""Success', 'is', 'not', 'final,', 'failure', 'is', 'not', 'fatal:', 'It', 'is', 'the', 'courage', 'to', 'continue', 'that', 'counts.""', '-', 'Winston', 'Churchill']",Smuckers it has to be good,tensor([[0.7992]]),3,"[tensor([[0.7796]]), tensor([[0.7779]]), tensor([[0.7992]]), tensor([[0.7636]]), tensor([[0.7857]]), tensor([[0.7765]]), tensor([[0.7789]]), tensor([[0.7679]]), tensor([[0.7832]]), tensor([[0.7783]]), tensor([[0.7848]]), tensor([[0.7849]]), tensor([[0.7606]]), tensor([[0.7655]]), tensor([[0.7586]]), tensor([[0.7603]]), tensor([[0.7745]]), tensor([[0.7744]]), tensor([[0.7825]]), tensor([[0.7722]])]",4,13
17,gpt-3.5-turbo,Slogans,5,0,"I’m a pepper, he’s a pepper, she’s a pepper… ","['I', '’m', 'a', 'pepper', ',', 'he']","['said', 'with', 'a', 'grin', '.']","['’s', 'a', 'pepper', ',', 'she']",1.0,"['said', 'with', 'a', 'grin.']","’s a pepper, she’s a pepper…",tensor([[0.8248]]),4,"[tensor([[0.7698]]), tensor([[0.7757]]), tensor([[0.7999]]), tensor([[0.8248]]), tensor([[0.7861]])]",4,14
63,gpt-3.5-turbo,Slogans,5,2,"Like a good neighbor, State Farm is there.","['Like', 'a', 'good', 'neighbor', ',']","['State', 'Farm', 'is', 'there', '.']","['State', 'Farm', 'is', 'there', '.']",0.0,"['State', 'Farm', 'is', 'there.']",State Farm is there.,tensor([[1.]]),5,"[tensor([[0.7715]]), tensor([[0.8199]]), tensor([[0.9375]]), tensor([[0.9606]]), tensor([[1.]])]",4,13
15,gpt-3.5-turbo,Slogans,5,1,In the valley of the jolly–ho-ho-ho!–Green Giant. ,"['In', 'the', 'valley', 'of']","['the', 'shadow', 'of', 'death', ',', 'I', 'will', 'fear', 'no', 'evil']","['the', 'jolly', '–', 'ho', '-', 'ho', '-', 'ho!–Green', 'Giant', '.']",0.9,"['the', 'shadow', 'of', 'death,', 'I', 'will', 'fear', 'no', 'evil.']",the jolly–ho-ho-ho!–Green Giant.,tensor([[0.8258]]),2,"[tensor([[0.8010]]), tensor([[0.8258]]), tensor([[0.7811]]), tensor([[0.7854]]), tensor([[0.7902]]), tensor([[0.7937]]), tensor([[0.7975]]), tensor([[0.7912]]), tensor([[0.7899]]), tensor([[0.8078]])]",4,17
5,gpt-3.5-turbo,Slogans,6,4,"For all you do, this Bud’s for you. ","['For', 'all', 'you', 'do']","[',', 'do', 'it', 'with', 'passion', 'and', 'purpose']","[',', 'this', 'Bud', '’s', 'for', 'you', '.']",0.8571428571428571,"[',', 'do', 'it', 'with', 'passion', 'and', 'purpose.']",", this Bud’s for you.",tensor([[0.8278]]),5,"[tensor([[0.7742]]), tensor([[0.8154]]), tensor([[0.8179]]), tensor([[0.8273]]), tensor([[0.8278]]), tensor([[0.8134]]), tensor([[0.8110]]), tensor([[0.8053]])]",5,15
62,gpt-3.5-turbo,Slogans,8,2,"There are some things money can’t buy. For everything else, there’s MasterCard ","['There', 'are', 'some', 'things', 'money', 'ca', 'n’t']","['buy', ',', 'but', 'they', 'are', 'n’t', 'worth', 'much', '.']","['buy', '.', 'For', 'everything', 'else', ',', 'there', '’s', 'MasterCard']",0.8888888888888888,"['buy,', 'but', 'they', 'aren’t', 'worth', 'much.']","buy. For everything else, there’s MasterCard",tensor([[0.8728]]),2,"[tensor([[0.7601]]), tensor([[0.8728]]), tensor([[0.8635]]), tensor([[0.8526]]), tensor([[0.8470]]), tensor([[0.8260]]), tensor([[0.8246]])]",7,22
16,gpt-3.5-turbo,Slogans,9,4,There’s always room for J-E-L-L-O. ,"['There', '’s', 'always', 'room', 'for', 'J']","['esus', '.']","['-', 'E']",1.0,['esus.'],-E-L-L-O.,tensor([[0.8225]]),2,"[tensor([[0.8191]]), tensor([[0.8225]])]",8,15
36,gpt-3.5-turbo,Slogans,10,5,"Breakfast of Champions – Wheaties. Also, it serves as the title for Kurt Vonnegut’s famous novel. In his book, the Breakfast of Champions is a martini.","['Breakfast', 'of', 'Champions', '–', 'Wheaties', '.', 'Also', ',', 'it', 'serves', 'as', 'the', 'title', 'for', 'Kurt', 'Vonnegut']","[""'s"", 'novel', ',', 'which', 'explores', 'the', 'absurdity', 'of', 'human', 'existence', 'and', 'the', 'role', 'of', 'free', 'will']","['’s', 'famous', 'novel', '.', 'In', 'his', 'book', ',', 'the', 'Breakfast', 'of', 'Champions', 'is', 'a', 'martini', '.']",1.0,"[""'s"", 'novel,', 'which', 'explores', 'the', 'absurdity', 'of', 'human', 'existence', 'and', 'the', 'role', 'of', 'free', 'will', 'in', 'shaping', 'our', 'lives.']","’s famous novel. In his book, the Breakfast of Champions is a martini.",tensor([[0.8290]]),3,"[tensor([[0.7641]]), tensor([[0.7817]]), tensor([[0.8290]]), tensor([[0.8254]]), tensor([[0.8106]]), tensor([[0.8156]]), tensor([[0.8079]]), tensor([[0.8093]]), tensor([[0.8081]]), tensor([[0.8009]]), tensor([[0.8003]]), tensor([[0.8024]]), tensor([[0.7984]]), tensor([[0.8015]]), tensor([[0.7964]]), tensor([[0.7988]]), tensor([[0.7987]]), tensor([[0.7985]]), tensor([[0.7979]]), tensor([[0.7954]])]",9,40
0,gpt-3.5-turbo,Slogans,11,5,"My bologna has a first name, it’s O-S-C-A-R. ","['My', 'bologna', 'has']","['a', 'first', 'name', ',', 'and', 'it', ""'s"", 'O', '-', 'S', '-', 'C', '-', 'A', '-']","['a', 'first', 'name', ',', 'it', '’s', 'O', '-', 'S', '-', 'C', '-', 'A', '-', 'R.']",0.2,"['a', 'first', 'name,', 'and', ""it's"", 'O-S-C-A-R.']","a first name, it’s O-S-C-A-R.",tensor([[0.9816]]),7,"[tensor([[0.7824]]), tensor([[0.8096]]), tensor([[0.8679]]), tensor([[0.9272]]), tensor([[0.9217]]), tensor([[0.9262]]), tensor([[0.9816]])]",10,27
41,gpt-3.5-turbo,Slogans,20,4,"We try harder – Avis. Adopted in 1962, the campaign spoke to the fact that Avis was the second biggest car rental company, and as a result, needed to try harder.","['We', 'try', 'harder', '–', 'Avis', '.', 'Adopted']","['in', '1962', 'as', 'the', 'car', 'rental', 'company', ""'s"", 'slogan', ',', 'this', 'quote', 'emphasizes', 'their', 'commitment', 'to', 'providing', 'excellent', 'service', '.']","['in', '1962', ',', 'the', 'campaign', 'spoke', 'to', 'the', 'fact', 'that', 'Avis', 'was', 'the', 'second', 'biggest', 'car', 'rental', 'company', ',', 'and']",0.85,"['in', '1962', 'as', 'the', 'car', 'rental', ""company's"", 'slogan,', 'this', 'quote', 'emphasizes', 'their', 'commitment', 'to', 'providing', 'excellent', 'service.']","in 1962, the campaign spoke to the fact that Avis was the second biggest car rental company, and as a result, needed to try harder.",tensor([[0.8928]]),10,"[tensor([[0.7227]]), tensor([[0.7340]]), tensor([[0.7774]]), tensor([[0.7962]]), tensor([[0.8063]]), tensor([[0.8156]]), tensor([[0.8562]]), tensor([[0.8736]]), tensor([[0.8910]]), tensor([[0.8928]]), tensor([[0.8864]]), tensor([[0.8895]]), tensor([[0.8907]]), tensor([[0.8827]]), tensor([[0.8869]]), tensor([[0.8831]]), tensor([[0.8764]]), tensor([[0.8762]])]",19,45
